login,node_id
alfonzo,8972bd
olinda,fa816e
ladonna,82cc0d
mariano,106a6c
leanne,97b019
ashely,5c278b
alpha,c0257c
mariano,3c7a05
ja,fb63ef
joellen,8a4e31
leanne,fa816e
sandy,30eece
ruthie,82cc0d
cherie,350ad5
felton,23b0e9
ellamae,3ccc63
scarlett,82cc0d
argelia,5c5a92
alfonzo,7cc5f1
mariano,4f77b2
gisela,ce6ac8
alpha,2d1a7d
providencia,106a6c
ja,c49c33
kathline,6de75a
zachary,f170b5
darby,950962
laveta,54287c
wiley,427daf
ladonna,314f64
georgeanna,9efed9
weston,b821c0
zena,9e9447
laveta,fa816e
ericka,fa816e
providencia,fa816e
ruthie,eed7b9
olen,7352ff
zachary,384c9f
ja,22d8d6
spencer,265274
ericka,8a4e31
joellen,66640e
ericka,30eece
zena,106a6c
darby,fa816e
sandy,896898
kathline,97b019
lyda,b7b04e
olinda,c0257c
maire,265274
ericka,93e61a
alfonzo,fa816e
ladonna,9cae29
spencer,1e6c5f
calandra,421f22
irina,3ccc63
nestor,fa816e
felton,106a6c
olinda,8a4e31
mariano,c09dcb
alfonzo,8972bd
leanne,421f22
calandra,e15115
ladonna,c0257c
leanne,2b1c91
delphia,c0257c
delphia,a47e14
gisela,ea8041
leanne,8972bd
ericka,543557
christia,543557
wiley,b821c0
alfonzo,106a6c
genevieve,3ccc63
cherie,c0257c
kathline,2dc0ed
ericka,ce6ac8
felton,0ea31e
spencer,82cc0d
lucile,278337
lyda,82cc0d
wiley,730aba
ruthie,fa816e
providencia,ea8041
sandy,8972bd
charolette,fa816e
leanne,075cba
wiley,8972bd
nestor,9e9447
argelia,8a4e31
laveta,4c53f4
weston,fa816e
olen,9cae29
joellen,49dea7
joellen,1d7a09
ericka,fa816e
ruthie,3f8fd9
providencia,3ccc63
felton,22d8d6
alfonzo,9fafcd
christia,ee107a
filomena,fa816e
argelia,c0257c
scarlett,106a6c
genevieve,8972bd
irina,97b019
argelia,ce6ac8
laveta,106a6c
filomena,1d7a09
felton,3ccc63
dixie,43ad88
andrew,278337
gisela,106a6c
laveta,fa816e
delphia,fa816e
ashely,8972bd
calandra,b821c0
alpha,106a6c
darby,4c53f4
olen,3ccc63
weston,57904a
mariano,fa816e
ja,82cc0d
delphia,bca496
zachary,fa816e
harley,f4e855
lucile,068f33
ellamae,f00361
theodora,6028c2
zachary,bca496
argelia,8a4e31
felton,e18d5a
ellamae,4dd06f
zachary,f2874f
delphia,3e88ad
charolette,106a6c
wiley,106a6c
alfonzo,106a6c
mariano,fa816e
harley,3f8fd9
gisela,9cae29
providencia,8b7300
cedric,82cc0d
zachary,9cae29
theodora,c0257c
andrew,8a4e31
lyda,520daf
ja,259d0d
wiley,106a6c
leanne,106a6c
weston,c99aeb
donte,106a6c
joellen,c0257c
andrew,fe91fb
lucile,ea40a4
theodora,106a6c
shanika,58eae1
dixie,8972bd
olen,5c5a92
laveta,9cae29
ellamae,8972bd
bev,e33912
ja,fa816e
georgeanna,1c2bd8
olen,d631f5
sandy,06da4c
ruthie,8a4e31
alfonzo,fa816e
ruthie,1d7a09
wiley,2ddf8f
darby,a47e14
gisela,fa816e
leanne,3ccc63
providencia,afe94c
ashely,b821c0
ashely,fa816e
delphia,3cf5a2
zachary,71b170
ashely,3ccc63
leanne,9cae29
laveta,106a6c
donte,82cc0d
ruthie,106a6c
filomena,9cae29
irina,8a4e31
donte,224a8d
charolette,82cc0d
donte,c0257c
weston,97b019
zachary,fa816e
wiley,82cc0d
theodora,8972bd
maire,a47e14
dixie,30eece
cedric,ce6ac8
christia,8cf984
leanne,82cc0d
providencia,8799f6
ruthie,9cae29
cedric,3ccc63
ellamae,fa816e
argelia,106a6c
ruthie,0ea31e
kecia,8f5712
donte,9a4d8e
gisela,106a6c
argelia,f48542
argelia,224a8d
ellamae,a47e14
joellen,8972bd
providencia,82cc0d
zena,82cc0d
ashely,c5ad68
felton,dcd522
georgeanna,fa816e
mariano,543557
darby,2ca1e7
maire,fa816e
charolette,fa816e
sandy,1d7a09
donte,c232d0
providencia,bca496
maire,4c53f4
georgeanna,ee107a
olinda,a9fd63
olen,278337
ja,3ccc63
felton,fa816e
ja,fa816e
ellamae,384c9f
olen,1dbf89
weston,dd843f
genevieve,fa816e
harley,c0257c
kathline,82cc0d
spencer,b16ed7
gisela,fa816e
lucile,106a6c
delphia,fa816e
georgeanna,514604
andrew,9cae29
donte,fa816e
irina,bca496
scarlett,265274
mariano,c0257c
wiley,9cae29
shanika,9fafcd
weston,2610be
olinda,106a6c
shanika,0f644c
filomena,f95d6e
zena,106a6c
harley,fa816e
charolette,2b1c91
andrew,aecf99
genevieve,106a6c
ja,b5b22a
olen,106a6c
ashely,8a4e31
lucile,ee107a
darby,8972bd
zachary,49dea7
zachary,3ccc63
maire,fa816e
lucile,f7946d
scarlett,a47e14
maire,fb63ef
lyda,57904a
dixie,8972bd
olinda,7a2edd
olinda,2b1c91
charolette,c0257c
sandy,3ccc63
weston,106a6c
kathline,9fafcd
ladonna,106a6c
charolette,9a4d8e
laveta,4f77b2
charolette,c8013f
nestor,fa816e
zachary,2d1a7d
felton,8972bd
argelia,f43e20
gisela,4c53f4
laveta,82cc0d
bev,3ccc63
sandy,82cc0d
ericka,1d7a09
cedric,e04d90
mariano,106a6c
joellen,6de75a
zachary,8a4e31
ellamae,38d45b
delphia,602205
joellen,9cae29
scarlett,1e6c5f
gisela,efea7f
ladonna,8a4e31
cherie,9cae29
nestor,fd4184
gisela,4c53f4
ericka,6cdc29
ladonna,2b563c
filomena,8972bd
joellen,1e6c5f
charolette,c0257c
felton,fa816e
charolette,82cc0d
olinda,3b0c53
donte,9cae29
argelia,4f77b2
cherie,106a6c
harley,8a4e31
alpha,535012
alpha,fa816e
christia,7352ff
lyda,a4e197
calandra,1d7a09
cherie,8972bd
leanne,82cc0d
ericka,dd938f
felton,5c5a92
gisela,82cc0d
nestor,fa816e
kathline,efea7f
charolette,224a8d
dixie,c99aeb
andrew,8972bd
zachary,22d8d6
shanika,30eece
olinda,0ea31e
delphia,fa816e
genevieve,43ad88
argelia,3ccc63
ericka,51dc19
sandy,06da4c
andrew,fa816e
spencer,9efed9
leanne,7951c4
darby,520daf
georgeanna,b821c0
gisela,106a6c
theodora,8972bd
cherie,84f9c5
zachary,106a6c
mariano,9a4d8e
lucile,e33912
charolette,8a4e31
ruthie,106a6c
maire,9efed9
royal,e04d90
delphia,e89001
alpha,3ccc63
alfonzo,fa816e
spencer,5c5a92
dixie,fa816e
leanne,c0257c
harley,84f9c5
georgeanna,fa816e
zachary,fd4184
laveta,82cc0d
genevieve,106a6c
ashely,106a6c
ashely,d0d12c
maire,0ac1c3
lucile,8a4e31
shanika,7a324c
ellamae,54287c
christia,657540
gisela,8a4e31
mariano,4f77b2
theodora,82cc0d
royal,3ccc63
mariano,fa816e
delphia,224a8d
ellamae,9db5b6
wiley,0f6dbd
zachary,a4e197
shanika,b70336
cedric,106a6c
maire,18301f
georgeanna,7c4493
scarlett,82cc0d
providencia,106a6c
shanika,8972bd
royal,535012
sandy,421f22
ellamae,9a4d8e
alpha,8a4e31
leanne,2ddf8f
filomena,9db5b6
sandy,fa816e
ja,ce6ac8
zena,8a4e31
irina,384c9f
kathline,1d7a09
leanne,9cae29
filomena,86e940
delphia,5131b9
wiley,3ccc63
ellamae,ea40a4
olen,0c54c6
maire,49dea7
lyda,ea40a4
charolette,4c53f4
lyda,ea40a4
lucile,8972bd
cherie,1d9197
zachary,224a8d
weston,8a4e31
providencia,82cc0d
sandy,106a6c
wiley,3f8fd9
joellen,9cae29
nestor,c09dcb
kecia,4cc6ec
darby,82cc0d
laveta,9fafcd
royal,15f641
argelia,7352ff
weston,cea9ad
argelia,8a4e31
felton,c2a841
cedric,a11c98
delphia,8972bd
filomena,fa816e
zena,fa816e
harley,6e3c90
dixie,384c9f
christia,fa816e
charolette,97b019
alfonzo,2d1a7d
theodora,1309fa
bev,8a4e31
olinda,8972bd
weston,8a4e31
cherie,6876d9
nestor,fa816e
georgeanna,9cae29
alpha,9a4d8e
kathline,cafcc6
theodora,c9ab80
dixie,1d7a09
ja,8972bd
ericka,b6c376
olen,1e6c5f
harley,82cc0d
charolette,30eece
ladonna,8972bd
theodora,9a4d8e
theodora,fa816e
delphia,eca302
christia,fa816e
olinda,b5164b
gisela,106a6c
charolette,82cc0d
theodora,43ad88
argelia,106a6c
spencer,2b1c91
harley,82cc0d
ja,3ccc63
joellen,09310f
ellamae,8972bd
georgeanna,5c5a92
cherie,9cae29
alpha,4c53f4
irina,fa816e
royal,a5b08a
alfonzo,3ccc63
cedric,bca496
harley,8a4e31
nestor,ee107a
genevieve,06da4c
theodora,fa816e
leanne,0ea31e
argelia,6e3c90
alpha,a4e197
theodora,106a6c
bev,9cae29
ladonna,84f9c5
delphia,6de75a
delphia,e4b81e
cherie,ee107a
sandy,82cc0d
gisela,9cae29
providencia,5c5a92
wiley,82cc0d
sandy,bda8ad
lyda,e4b81e
alfonzo,b0acbe
kecia,106a6c
darby,9efed9
kathline,106a6c
maire,1e6c5f
scarlett,fb63ef
genevieve,421f22
gisela,b821c0
calandra,43ad88
darby,fa816e
laveta,b5b22a
lyda,ee107a
shanika,97b019
genevieve,82cc0d
ellamae,82cc0d
dixie,350ad5
maire,d8171d
cherie,265274
delphia,8972bd
cedric,fa816e
maire,7951c4
laveta,6de75a
sandy,681267
wiley,6028c2
shanika,fa816e
dixie,d689ec
zachary,f8af5d
darby,97b019
irina,e7ad83
donte,e8d9aa
kecia,fa816e
scarlett,4c53f4
ruthie,ee107a
laveta,b98a80
christia,fa816e
ericka,06da4c
wiley,2cb2c8
harley,0e0de7
royal,106a6c
theodora,82cc0d
alpha,106a6c
zachary,3c7a05
donte,7360a5
kecia,085bb8
weston,9cae29
lyda,2b1c91
charolette,30eece
ja,6de75a
maire,106a6c
kecia,fa816e
nestor,b821c0
felton,13b01c
ja,9db5b6
spencer,fb63ef
felton,4dd06f
darby,8a4e31
joellen,d24728
weston,9e9447
shanika,fa816e
alfonzo,2ddf8f
olinda,9cae29
mariano,b821c0
mariano,8a4e31
leanne,602205
wiley,ee107a
kecia,9fafcd
royal,fa816e
wiley,106a6c
darby,7c4493
zachary,8cf984
leanne,2b1c91
royal,1fc169
alfonzo,510ff7
lyda,fa816e
leanne,dce7c7
laveta,fa816e
joellen,800ed4
olen,eca302
scarlett,9e9447
ladonna,0ea31e
zena,c0257c
wiley,82cc0d
wiley,9a4d8e
ja,c0257c
bev,b1aa21
ruthie,ce6ac8
ja,9db5b6
ashely,ce6ac8
kecia,fa816e
genevieve,7352ff
ruthie,ee107a
bev,fa816e
harley,9e9447
kathline,4c53f4
zena,9efed9
kathline,106a6c
christia,1e6c5f
theodora,2ddf8f
olen,3ccc63
shanika,a47e14
joellen,ce6ac8
gisela,82cc0d
dixie,543902
calandra,da1dbd
christia,9a4d8e
harley,82cc0d
kecia,4bf991
ashely,d3d1e3
christia,bca496
delphia,ee107a
maire,d631f5
zachary,6028c2
ericka,f2874f
charolette,8a4e31
delphia,7352ff
irina,97b019
ellamae,4c53f4
wiley,8a4e31
mariano,fa816e
zachary,265274
irina,3ccc63
genevieve,7352ff
royal,9fafcd
christia,fa816e
dixie,06da4c
weston,fa816e
ja,04a6fd
georgeanna,3c7a05
wiley,9cae29
ashely,9db5b6
calandra,cc21fb
zachary,9e9447
mariano,6e3c90
lyda,ea40a4
providencia,c0257c
alpha,265274
calandra,106a6c
spencer,9fafcd
royal,c0257c
cedric,8a4e31
providencia,4bb3a0
ruthie,3ccc63
leanne,106a6c
sandy,afc990
laveta,36eafd
laveta,85e340
delphia,82cc0d
alpha,fa816e
olen,fa816e
ericka,ea40a4
shanika,82cc0d
ellamae,8972bd
joellen,8a4e31
mariano,265274
leanne,350ad5
calandra,06da4c
donte,f3e7f8
mariano,736b0b
bev,106a6c
lyda,c0257c
theodora,9e9447
kathline,9db5b6
argelia,106a6c
mariano,5da2e2
cherie,106a6c
andrew,106a6c
harley,97b019
royal,820c0f
alpha,3ccc63
laveta,86d129
calandra,9cae29
darby,1e6c5f
ellamae,6de75a
delphia,f04be5
felton,a2b702
maire,3c7a05
laveta,3ccc63
ericka,6876d9
zachary,82cc0d
alfonzo,3ccc63
bev,e8ebd0
darby,8972bd
harley,a4e197
ellamae,8a4e31
ellamae,fa816e
argelia,6de75a
scarlett,8a4e31
ericka,6cdc29
maire,b5b22a
mariano,a5b08a
theodora,c0257c
darby,106a6c
irina,c0257c
christia,82cc0d
calandra,82cc0d
zachary,265274
kathline,af6440
shanika,ce6ac8
ja,fa816e
genevieve,9190e2
zachary,fa816e
filomena,7a113c
delphia,8972bd
kecia,1c2bd8
ladonna,6cdc29
ericka,8972bd
olinda,f2874f
wiley,265274
wiley,9e9447
alpha,82cc0d
olen,bca496
leanne,fa816e
ericka,8a4e31
ericka,881490
darby,421f22
irina,57904a
delphia,3cf5a2
irina,f04be5
olinda,3ccc63
gisela,f04be5
charolette,fa816e
leanne,e15115
genevieve,ee107a
andrew,2ddf8f
maire,7352ff
ja,9cae29
delphia,106a6c
royal,8972bd
joellen,9fafcd
irina,30eece
felton,1e6c5f
wiley,6cdc29
ja,106a6c
zena,dd843f
gisela,4f77b2
cherie,dd938f
laveta,8cf984
shanika,200c5b
andrew,fa816e
andrew,3311f9
theodora,4482dc
ladonna,eca302
leanne,e89001
lucile,43ad88
irina,77d718
charolette,9db5b6
irina,800aed
dixie,b821c0
shanika,4c53f4
genevieve,6997ea
harley,fa816e
ja,2b1c91
harley,ee107a
gisela,c9ab80
georgeanna,350ad5
royal,fa816e
royal,106a6c
scarlett,434eb4
kecia,0ea31e
lucile,fa816e
lucile,106a6c
nestor,21333b
felton,6e24b9
kathline,8972bd
ladonna,e4b81e
charolette,3ccc63
ruthie,8a4e31
royal,8a4e31
cedric,106a6c
felton,c0257c
andrew,4dd06f
ruthie,973c70
dixie,9cae29
genevieve,aecf99
theodora,fa816e
donte,22d8d6
ericka,4da8c1
leanne,9cae29
ellamae,3ccc63
darby,1d7a09
ruthie,5c5a92
filomena,6876d9
ruthie,8972bd
cherie,fb63ef
ashely,c232d0
ruthie,3ccc63
sandy,421f22
cedric,8a4e31
spencer,8a4e31
ericka,350ad5
olinda,75542c
weston,9a4d8e
harley,06da4c
bev,82cc0d
argelia,82cc0d
georgeanna,fa816e
filomena,d388e3
cedric,82cc0d
genevieve,1e6c5f
calandra,7f033f
maire,6cdc29
lucile,3ccc63
christia,fa816e
ashely,278337
sandy,2d1a7d
maire,8a4e31
ladonna,ce6ac8
delphia,6e3c90
darby,c0257c
dixie,3c7a05
scarlett,1c2bd8
darby,c9ab80
olen,9cae29
lyda,060d8a
ellamae,810ab3
argelia,106a6c
shanika,9db5b6
cherie,fa816e
weston,106a6c
cedric,24f13f
shanika,106a6c
irina,4f77b2
harley,43ad88
cherie,6e3c90
alfonzo,6b763d
alpha,3ccc63
darby,82cc0d
cherie,c3796c
calandra,2ddf8f
bev,4f77b2
lyda,fa816e
charolette,5c233c
alfonzo,fa2409
ericka,f04be5
maire,9e9447
genevieve,fe815c
sandy,8972bd
ellamae,6876d9
ellamae,b5b22a
kathline,9e9447
ja,ee107a
alfonzo,7352ff
harley,9cae29
theodora,106a6c
kecia,dd938f
bev,fb0a09
zena,106a6c
olen,fa816e
ruthie,fa816e
georgeanna,0ea31e
lyda,fe91fb
olinda,106a6c
gisela,fa816e
olen,fa816e
ruthie,106a6c
calandra,1d7a09
